{
  "wine": {
    "Enhanced_TNC": {
      "accuracies": [
        0.9333333333333333,
        0.9830508474576272,
        0.9152542372881356,
        0.9833333333333333,
        0.9830508474576272,
        0.9830508474576272,
        0.9833333333333333,
        0.9661016949152542,
        0.9830508474576272,
        0.9666666666666667,
        0.9322033898305084,
        0.9491525423728814,
        0.95,
        0.9491525423728814,
        0.9661016949152542
      ],
      "fit_times": [
        0.02480149269104004,
        0.02473759651184082,
        0.03042149543762207,
        0.022752046585083008,
        0.022146940231323242,
        0.023130416870117188,
        0.028920412063598633,
        0.06152939796447754,
        0.04054093360900879,
        0.03496074676513672,
        0.030458927154541016,
        0.039565324783325195,
        0.03784322738647461,
        0.03747057914733887,
        0.04158139228820801
      ],
      "predict_times": [
        0.0019388198852539062,
        0.002401590347290039,
        0.0025942325592041016,
        0.002063274383544922,
        0.0025527477264404297,
        0.0023441314697265625,
        0.002585887908935547,
        0.003429412841796875,
        0.0034253597259521484,
        0.0026013851165771484,
        0.0032532215118408203,
        0.0034873485565185547,
        0.003549337387084961,
        0.003410816192626953,
        0.004315376281738281
      ]
    },
    "RandomForest": {
      "accuracies": [
        0.9833333333333333,
        1.0,
        0.9830508474576272,
        0.9833333333333333,
        1.0,
        0.9830508474576272,
        0.9833333333333333,
        0.9830508474576272,
        1.0,
        0.95,
        1.0,
        0.9830508474576272,
        0.9833333333333333,
        0.9830508474576272,
        1.0
      ],
      "fit_times": [
        0.1391758918762207,
        0.1435096263885498,
        0.16294407844543457,
        0.16583728790283203,
        0.12059855461120605,
        0.16617727279663086,
        0.12920165061950684,
        0.14959049224853516,
        0.15943408012390137,
        0.11019301414489746,
        0.1594560146331787,
        0.16439104080200195,
        0.16596198081970215,
        0.1687917709350586,
        0.17077970504760742
      ],
      "predict_times": [
        0.004231929779052734,
        0.00790715217590332,
        0.007096529006958008,
        0.006598234176635742,
        0.0055963993072509766,
        0.007455587387084961,
        0.007589101791381836,
        0.007864236831665039,
        0.006582975387573242,
        0.003504037857055664,
        0.007054805755615234,
        0.007541179656982422,
        0.0073931217193603516,
        0.007665872573852539,
        0.00761103630065918
      ]
    },
    "SVM": {
      "accuracies": [
        0.6166666666666667,
        0.6610169491525424,
        0.7288135593220338,
        0.7,
        0.6610169491525424,
        0.6949152542372882,
        0.7,
        0.6440677966101694,
        0.6610169491525424,
        0.6833333333333333,
        0.6271186440677966,
        0.711864406779661,
        0.7,
        0.6271186440677966,
        0.6949152542372882
      ],
      "fit_times": [
        0.003450632095336914,
        0.0038018226623535156,
        0.003768444061279297,
        0.003038167953491211,
        0.0032050609588623047,
        0.004125833511352539,
        0.0032520294189453125,
        0.0032057762145996094,
        0.0033273696899414062,
        0.0032799243927001953,
        0.003734111785888672,
        0.003450155258178711,
        0.0033555030822753906,
        0.0030765533447265625,
        0.0032689571380615234
      ],
      "predict_times": [
        0.001512765884399414,
        0.0014216899871826172,
        0.0015730857849121094,
        0.0015430450439453125,
        0.0013685226440429688,
        0.0013518333435058594,
        0.0013811588287353516,
        0.0018346309661865234,
        0.0014586448669433594,
        0.001425027847290039,
        0.0013751983642578125,
        0.0014450550079345703,
        0.0016810894012451172,
        0.0014100074768066406,
        0.0013928413391113281
      ]
    }
  },
  "mnist": {
    "Enhanced_TNC": {
      "accuracies": [
        0.7634730538922155,
        0.7507507507507507,
        0.7477477477477478,
        0.7514970059880239,
        0.7867867867867868,
        0.7417417417417418,
        0.7754491017964071,
        0.7747747747747747,
        0.7567567567567568,
        0.7425149700598802,
        0.7417417417417418,
        0.7447447447447447,
        0.7485029940119761,
        0.7897897897897898,
        0.7537537537537538
      ],
      "fit_times": [
        0.1253213882446289,
        0.11932969093322754,
        0.11269259452819824,
        0.1015174388885498,
        0.10707497596740723,
        0.1119837760925293,
        0.08339643478393555,
        0.08621001243591309,
        0.11529159545898438,
        0.10066938400268555,
        0.11235284805297852,
        0.11477231979370117,
        0.10367083549499512,
        0.09375238418579102,
        0.11793112754821777
      ],
      "predict_times": [
        0.01173543930053711,
        0.012430667877197266,
        0.009589195251464844,
        0.010786771774291992,
        0.012590408325195312,
        0.009923696517944336,
        0.008513450622558594,
        0.010827302932739258,
        0.011474370956420898,
        0.009216547012329102,
        0.012035369873046875,
        0.009950876235961914,
        0.008797883987426758,
        0.01216888427734375,
        0.009197235107421875
      ]
    },
    "RandomForest": {
      "accuracies": [
        0.8952095808383234,
        0.8918918918918919,
        0.8468468468468469,
        0.8712574850299402,
        0.8738738738738738,
        0.8378378378378378,
        0.8802395209580839,
        0.8588588588588588,
        0.8678678678678678,
        0.8592814371257484,
        0.8798798798798799,
        0.8858858858858859,
        0.8712574850299402,
        0.8618618618618619,
        0.8708708708708709
      ],
      "fit_times": [
        0.28617072105407715,
        0.28553128242492676,
        0.44089269638061523,
        0.3631906509399414,
        0.42629313468933105,
        0.48559999465942383,
        0.41434550285339355,
        0.6193773746490479,
        0.5087826251983643,
        0.865612268447876,
        0.49006128311157227,
        0.42563819885253906,
        0.6681156158447266,
        0.53265380859375,
        0.466022253036499
      ],
      "predict_times": [
        0.0067920684814453125,
        0.0074465274810791016,
        0.01313924789428711,
        0.007283687591552734,
        0.013438224792480469,
        0.013051271438598633,
        0.0083770751953125,
        0.02186298370361328,
        0.01421809196472168,
        0.01701188087463379,
        0.013649463653564453,
        0.0215303897857666,
        0.025524139404296875,
        0.016869783401489258,
        0.010086774826049805
      ]
    },
    "SVM": {
      "accuracies": [
        0.907185628742515,
        0.9039039039039038,
        0.8888888888888888,
        0.8982035928143712,
        0.9159159159159159,
        0.8858858858858859,
        0.9161676646706587,
        0.8768768768768769,
        0.8978978978978979,
        0.8832335329341318,
        0.918918918918919,
        0.9219219219219219,
        0.907185628742515,
        0.8948948948948949,
        0.9039039039039038
      ],
      "fit_times": [
        0.15865111351013184,
        0.23556303977966309,
        0.1938319206237793,
        0.23454809188842773,
        0.22850584983825684,
        0.1876661777496338,
        0.19122099876403809,
        0.19318819046020508,
        0.18945074081420898,
        0.18282532691955566,
        0.19575095176696777,
        0.2017042636871338,
        0.1891336441040039,
        0.2517845630645752,
        0.30504393577575684
      ],